ClÃ©	Biome_String	Nom_Complet		Biome	Terrain	LibellÃ©	Emoji	Distribution	Altitude (m)	Temp.(ahpe)	Preci.(ahpe)	Vitesse_humaine_(kmh)	Vitesse_vÃ©hicule_route_non_carrossÃ©e_(kmh)	Franchissable	Carrossable	Solide	Limitrophes	Description
011	1ï¸âƒ£ DÃ©sert ğŸœï¸	1ï¸âƒ£Dunes de sableâ³	1ï¸âƒ£	1	1	Dunes de sable	â³	25	200	(25Â°C,12Â°C,30Â°C,40Â°C)	(5mm,2mm,4mm,1mm)	3	10	TRUE	FALSE	TRUE	2 (25%), 7 (30%), 8 (20%), 4 (10%), 5 (15%)	Terrain mouvant, difficilement amÃ©nageable. Majoritaire au centre du dÃ©sert. Peut cacher des ressources souterraines.
012	1ï¸âƒ£ DÃ©sert ğŸœï¸	2ï¸âƒ£Plaine arideğŸœï¸	2ï¸âƒ£	1	2	Plaine aride	ğŸœï¸	20	300	(22Â°C,10Â°C,28Â°C,38Â°C)	(6mm,3mm,5mm,2mm)	4	20	TRUE	TRUE	TRUE	1 (20%), 7 (20%), 6 (20%), 4 (10%), 8 (10%), 5 (20%)	Sol dur et sec, stable mais pauvre en ressources. Transition possible vers dâ€™autres biomes. Peut Ãªtre amÃ©nagÃ© avec irrigation.
013	1ï¸âƒ£ DÃ©sert ğŸœï¸	3ï¸âƒ£Canyon / FalaisesğŸï¸	3ï¸âƒ£	1	3	Canyon / Falaises	ğŸï¸	10	350	(20Â°C,5Â°C,25Â°C,35Â°C)	(8mm,4mm,6mm,3mm)	2	10	FALSE	FALSE	TRUE	6 (35%), 8 (25%), 2 (15%), 7 (15%), 1 (10%)	Terrain escarpÃ© et impraticable. Formation rocheuse abrupte protÃ©geant des ressources ou merveilles naturelles.
014	1ï¸âƒ£ DÃ©sert ğŸœï¸	4ï¸âƒ£OasisğŸ’§ğŸŒ´	4ï¸âƒ£	1	4	Oasis	ğŸ’§ğŸŒ´	5	180	(28Â°C,18Â°C,30Â°C,38Â°C)	(20mm,10mm,15mm,5mm)	4	25	TRUE	TRUE	TRUE	2 (40%), 1 (20%), 5 (20%), 7 (20%)	TrÃ¨s rare, source dâ€™eau et de vÃ©gÃ©tation. Toujours entourÃ© de tuiles arides, idÃ©al pour lâ€™implantation de cultures.
015	1ï¸âƒ£ DÃ©sert ğŸœï¸	5ï¸âƒ£Lit de riviÃ¨re assÃ©chÃ©ğŸï¸	5ï¸âƒ£	1	5	Lit de riviÃ¨re assÃ©chÃ©	ğŸï¸	10	200	(24Â°C,12Â°C,28Â°C,40Â°C)	(5mm,2mm,4mm,2mm)	3	15	TRUE	TRUE	TRUE	2 (20%), 7 (20%), 6 (20%), 1 (20%), 4 (20%)	Ancienne riviÃ¨re, potentiellement riche en nappes phrÃ©atiques. Peut redevenir active en cas de crues exceptionnelles.
016	1ï¸âƒ£ DÃ©sert ğŸœï¸	6ï¸âƒ£Plateau rocheuxâ›°ï¸	6ï¸âƒ£	1	6	Plateau rocheux	â›°ï¸	10	400	(18Â°C,5Â°C,23Â°C,33Â°C)	(10mm,5mm,8mm,4mm)	2	10	TRUE	TRUE	TRUE	3 (30%), 2 (25%), 5 (15%), 7 (20%), 8 (10%)	Surface dure et Ã©levÃ©e, souvent stÃ©rile. Peut contenir des gisements miniers et sert de barriÃ¨re naturelle.
017	1ï¸âƒ£ DÃ©sert ğŸœï¸	7ï¸âƒ£Sable durciğŸœï¸	7ï¸âƒ£	1	7	Sable durci	ğŸœï¸	10	220	(23Â°C,10Â°C,29Â°C,39Â°C)	(5mm,2mm,3mm,1mm)	4	20	TRUE	TRUE	TRUE	1 (30%), 2 (20%), 5 (20%), 6 (15%), 8 (15%)	Sol compactÃ©, plus stable que les dunes. Fait la transition entre plaines arides et dunes mouvantes.
018	1ï¸âƒ£ DÃ©sert ğŸœï¸	8ï¸âƒ£CratÃ¨re / DÃ©pressionğŸ•³ï¸	8ï¸âƒ£	1	8	CratÃ¨re / DÃ©pression	ğŸ•³ï¸	10	120	(26Â°C,14Â°C,32Â°C,42Â°C)	(8mm,4mm,6mm,3mm)	3	15	TRUE	FALSE	TRUE	1 (20%), 2 (15%), 3 (15%), 6 (10%), 7 (15%), 5 (25%)	Creux dans le sol, vestige dâ€™un ancien lac ou impact. Peut receler des ressources rares ou vestiges archÃ©ologiques.
021	2ï¸âƒ£ Steppe ğŸ‚	1ï¸âƒ£Plaine herbeuse sÃ¨cheğŸŒ¾	1ï¸âƒ£	2	1	Plaine herbeuse sÃ¨che	ğŸŒ¾	25	200	(9Â°C,-3Â°C,11Â°C,24Â°C)	(20mm,10mm,30mm,15mm)	4	15	TRUE	TRUE	TRUE	2 (20%), 3 (15%), 4 (10%), 5 (25%), 6 (10%), 7 (10%), 8 (10%)	Ã‰tendue dâ€™herbes rases et sÃ¨ches, sol peu fertile mais exploitable avec des techniques agricoles adaptÃ©es.
022	2ï¸âƒ£ Steppe ğŸ‚	2ï¸âƒ£Colline herbeuseâ›°ï¸ğŸŒ¿	2ï¸âƒ£	2	2	Colline herbeuse	â›°ï¸ğŸŒ¿	20	300	(8Â°C,-5Â°C,10Â°C,22Â°C)	(25mm,15mm,35mm,20mm)	3	10	TRUE	TRUE	TRUE	1 (20%), 3 (15%), 7 (25%), 8 (20%), 4 (10%), 6 (10%)	Relief modÃ©rÃ©, souvent sec mais propice Ã  lâ€™Ã©levage et pouvant receler du calcaire ou du cuivre.
023	2ï¸âƒ£ Steppe ğŸ‚	3ï¸âƒ£Prairie arbustiveğŸŒ³ğŸ‚	3ï¸âƒ£	2	3	Prairie arbustive	ğŸŒ³ğŸ‚	15	220	(9Â°C,-4Â°C,11Â°C,23Â°C)	(22mm,12mm,32mm,18mm)	4	10	TRUE	TRUE	TRUE	1 (20%), 2 (20%), 5 (20%), 6 (20%), 4 (10%), 7 (10%)	Zone rare oÃ¹ quelques arbres et buissons rÃ©sistants poussent, formant une transition vers des biomes plus boisÃ©s.
024	2ï¸âƒ£ Steppe ğŸ‚	4ï¸âƒ£Terre craquelÃ©eğŸœï¸	4ï¸âƒ£	2	4	Terre craquelÃ©e	ğŸœï¸	10	180	(11Â°C,-2Â°C,13Â°C,26Â°C)	(15mm,8mm,20mm,10mm)	3	8	TRUE	TRUE	TRUE	1 (20%), 3 (10%), 7 (20%), 2 (10%), 5 (15%), 8 (15%), 6 (10%)	Sol pauvre, exposÃ© Ã  lâ€™Ã©rosion, plus frÃ©quent en bordure des zones dÃ©sertiques.
025	2ï¸âƒ£ Steppe ğŸ‚	5ï¸âƒ£RiviÃ¨re de steppeğŸ’§	5ï¸âƒ£	2	5	RiviÃ¨re de steppe	ğŸ’§	10	200	(10Â°C,-3Â°C,12Â°C,25Â°C)	(30mm,20mm,40mm,25mm)	4	15	TRUE	FALSE	FALSE	1 (25%), 3 (20%), 6 (15%), 4 (10%), 7 (10%), 2 (10%), 8 (10%)	Source dâ€™eau essentielle pour lâ€™Ã©cosystÃ¨me, permettant lâ€™installation de colonies et lâ€™agriculture.
026	2ï¸âƒ£ Steppe ğŸ‚	6ï¸âƒ£MarÃ©cage saisonnierğŸ›–	6ï¸âƒ£	2	6	MarÃ©cage saisonnier	ğŸ›–	5	190	(8Â°C,-5Â°C,10Â°C,22Â°C)	(35mm,25mm,45mm,30mm)	3	5	TRUE	FALSE	FALSE	1 (15%), 3 (20%), 5 (15%), 2 (10%), 7 (10%), 4 (10%), 8 (20%)	DÃ©pressions qui se remplissent dâ€™eau lors des pluies, attirant la faune et offrant des ressources temporaires.
027	2ï¸âƒ£ Steppe ğŸ‚	7ï¸âƒ£Plateau rocheuxğŸï¸	7ï¸âƒ£	2	7	Plateau rocheux	ğŸï¸	10	350	(7Â°C,-8Â°C,9Â°C,20Â°C)	(18mm,10mm,25mm,14mm)	3	10	TRUE	TRUE	TRUE	1 (15%), 2 (25%), 3 (10%), 4 (20%), 5 (10%), 6 (10%), 8 (10%)	Sol sec et minÃ©ral, difficile Ã  exploiter, pouvant contenir des gisements de sel ou de minÃ©raux.
028	2ï¸âƒ£ Steppe ğŸ‚	8ï¸âƒ£Falaise ou ravinâ›°ï¸	8ï¸âƒ£	2	8	Falaise ou ravin	â›°ï¸	5	400	(6Â°C,-10Â°C,8Â°C,18Â°C)	(15mm,9mm,20mm,12mm)	2	5	FALSE	FALSE	TRUE	2 (20%), 4 (15%), 5 (10%), 6 (20%), 7 (10%), 1 (10%), 3 (15%)	Relief abrupt servant de limite naturelle, pouvant renfermer grottes ou vestiges archÃ©ologiques.
031	3ï¸âƒ£ Savane ğŸŒ¾	1ï¸âƒ£Plaine herbeuse tropicaleğŸŒ¿	1ï¸âƒ£	3	1	Plaine herbeuse tropicale	ğŸŒ¿	25	180	(24Â°C,18Â°C,26Â°C,32Â°C)	(40mm,20mm,60mm,100mm)	5	20	TRUE	TRUE	TRUE	2 (20%), 4 (25%), 5 (10%), 7 (15%), 8 (10%), 3 (20%)	Ã‰tendue dâ€™herbes hautes avec un sol relativement fertile, exploitable pour lâ€™Ã©levage et certaines cultures rÃ©sistantes.
032	3ï¸âƒ£ Savane ğŸŒ¾	2ï¸âƒ£Arbres dispersÃ©s / BosquetsğŸŒ³	2ï¸âƒ£	3	2	Arbres dispersÃ©s / Bosquets	ğŸŒ³	15	200	(25Â°C,18Â°C,27Â°C,33Â°C)	(45mm,25mm,65mm,110mm)	4	15	TRUE	TRUE	TRUE	1 (20%), 3 (15%), 4 (15%), 5 (10%), 6 (10%), 7 (15%), 8 (15%)	Groupes dâ€™arbres typiques de la savane comme les baobabs ou acacias, offrant de lâ€™ombre et attirant la faune locale.
033	3ï¸âƒ£ Savane ğŸŒ¾	3ï¸âƒ£Terre rouge arideğŸœï¸	3ï¸âƒ£	3	3	Terre rouge aride	ğŸœï¸	10	170	(26Â°C,19Â°C,28Â°C,35Â°C)	(30mm,15mm,45mm,80mm)	4	10	TRUE	TRUE	TRUE	1 (15%), 2 (15%), 7 (20%), 8 (10%), 4 (10%), 6 (15%), 5 (10%)	Sol sec et riche en fer mais peu fertile, frÃ©quent aux abords des zones dÃ©sertiques.
034	3ï¸âƒ£ Savane ğŸŒ¾	4ï¸âƒ£RiviÃ¨re de savaneğŸ’§	4ï¸âƒ£	3	4	RiviÃ¨re de savane	ğŸ’§	15	150	(25Â°C,18Â°C,27Â°C,34Â°C)	(50mm,30mm,70mm,120mm)	3	8	TRUE	FALSE	FALSE	1 (25%), 2 (15%), 5 (20%), 6 (10%), 7 (10%), 8 (10%), 3 (10%)	Source dâ€™eau essentielle souvent saisonniÃ¨re, attirant la faune et favorisant une vÃ©gÃ©tation plus luxuriante.
035	3ï¸âƒ£ Savane ğŸŒ¾	5ï¸âƒ£MarÃ©cage saisonnierğŸ›–ğŸ’¦	5ï¸âƒ£	3	5	MarÃ©cage saisonnier	ğŸ›–ğŸ’¦	10	140	(24Â°C,17Â°C,26Â°C,33Â°C)	(60mm,40mm,80mm,130mm)	3	5	TRUE	FALSE	FALSE	1 (10%), 2 (10%), 4 (20%), 6 (20%), 7 (15%), 8 (10%), 3 (15%)	Zone basse oÃ¹ lâ€™eau sâ€™accumule en saison des pluies, pouvant temporairement former un petit lac et attirer de nombreuses espÃ¨ces.
036	3ï¸âƒ£ Savane ğŸŒ¾	6ï¸âƒ£TermitiÃ¨re gÃ©anteğŸœ	6ï¸âƒ£	3	6	TermitiÃ¨re gÃ©ante	ğŸœ	5	160	(25Â°C,18Â°C,27Â°C,33Â°C)	(35mm,25mm,50mm,90mm)	4	12	TRUE	TRUE	TRUE	2 (10%), 3 (15%), 4 (10%), 5 (20%), 7 (15%), 1 (15%), 8 (15%)	Formation naturelle abritant une biodiversitÃ© spÃ©cifique, parfois rÃ©utilisÃ©e par dâ€™autres animaux comme refuge.
037	3ï¸âƒ£ Savane ğŸŒ¾	7ï¸âƒ£Collines de savaneâ›°ï¸ğŸŒ¾	7ï¸âƒ£	3	7	Collines de savane	â›°ï¸ğŸŒ¾	10	220	(23Â°C,16Â°C,25Â°C,31Â°C)	(40mm,25mm,55mm,95mm)	4	15	TRUE	TRUE	TRUE	1 (15%), 2 (15%), 3 (20%), 4 (10%), 5 (15%), 6 (15%), 8 (10%)	Zones lÃ©gÃ¨rement surÃ©levÃ©es avec une vue dÃ©gagÃ©e, pouvant receler grottes ou sites archÃ©ologiques.
038	3ï¸âƒ£ Savane ğŸŒ¾	8ï¸âƒ£Sol rocailleuxğŸª¨	8ï¸âƒ£	3	8	Sol rocailleux	ğŸª¨	10	230	(24Â°C,17Â°C,26Â°C,32Â°C)	(35mm,20mm,40mm,85mm)	3	8	TRUE	TRUE	TRUE	1 (10%), 2 (15%), 3 (10%), 4 (10%), 5 (10%), 6 (15%), 7 (15%)	Zones de cailloux et de roche dure, souvent improductives, mais pouvant contenir des ressources minÃ©rales.
041	4ï¸âƒ£ ForÃªt tempÃ©rÃ©e ğŸŒ³	1ï¸âƒ£ForÃªt denseğŸŒ²ğŸŒ³	1ï¸âƒ£	4	1	ForÃªt dense	ğŸŒ²ğŸŒ³	20	200	(10Â°C,-2Â°C,13Â°C,22Â°C)	(70mm,50mm,80mm,80mm)	3	10	TRUE	FALSE	TRUE	2 (15%), 3 (15%), 4 (20%), 5 (20%), 6 (10%), 7 (10%), 8 (10%)	Grande concentration dâ€™arbres feuillus et conifÃ¨res, avec dâ€™importantes ressources en bois, mais un terrain difficile Ã  exploiter
042	4ï¸âƒ£ ForÃªt tempÃ©rÃ©e ğŸŒ³	2ï¸âƒ£ForÃªt clairsemÃ©eğŸŒ³ğŸ‚	2ï¸âƒ£	4	2	ForÃªt clairsemÃ©e	ğŸŒ³ğŸ‚	15	180	(9Â°C,-3Â°C,12Â°C,21Â°C)	(60mm,40mm,75mm,70mm)	4	12	TRUE	FALSE	TRUE	1 (15%), 3 (15%), 4 (10%), 5 (15%), 6 (10%), 7 (10%), 8 (10%)	Espaces boisÃ©s avec des clairiÃ¨res, formant la transition entre la forÃªt dense et dâ€™autres terrains
043	4ï¸âƒ£ ForÃªt tempÃ©rÃ©e ğŸŒ³	3ï¸âƒ£Plaine fertileğŸŒ¿	3ï¸âƒ£	4	3	Plaine fertile	ğŸŒ¿	15	150	(11Â°C,0Â°C,14Â°C,24Â°C)	(55mm,30mm,70mm,65mm)	5	20	TRUE	TRUE	TRUE	1 (10%), 2 (15%), 4 (10%), 5 (20%), 6 (15%), 7 (10%), 8 (10%)	Sol riche et propice Ã  lâ€™agriculture, frÃ©quent en bordure de forÃªt ou le long des riviÃ¨res
044	4ï¸âƒ£ ForÃªt tempÃ©rÃ©e ğŸŒ³	4ï¸âƒ£Colline boisÃ©eâ›°ï¸ğŸŒ³	4ï¸âƒ£	4	4	Colline boisÃ©e	â›°ï¸ğŸŒ³	10	300	(8Â°C,-4Â°C,11Â°C,20Â°C)	(65mm,45mm,85mm,80mm)	3	10	TRUE	FALSE	TRUE	1 (20%), 2 (10%), 3 (10%), 5 (5%), 6 (10%), 7 (15%), 8 (20%)	Relief couvert dâ€™arbres, plus difficile Ã  exploiter, pouvant renfermer des grottes ou des ressources minÃ©rales
045	4ï¸âƒ£ ForÃªt tempÃ©rÃ©e ğŸŒ³	5ï¸âƒ£RiviÃ¨re forestiÃ¨reğŸ’§	5ï¸âƒ£	4	5	RiviÃ¨re forestiÃ¨re	ğŸ’§	15	100	(10Â°C,-1Â°C,13Â°C,23Â°C)	(75mm,55mm,90mm,85mm)	4	8	TRUE	FALSE	FALSE	1 (10%), 2 (15%), 3 (20%), 4 (5%), 6 (20%), 7 (10%), 8 (10%)	Source dâ€™eau essentielle pour la biodiversitÃ©, navigable par de petites embarcations et riche en poissons
046	4ï¸âƒ£ ForÃªt tempÃ©rÃ©e ğŸŒ³	6ï¸âƒ£MarÃ©cage forestierğŸ›–ğŸ’¦	6ï¸âƒ£	4	6	MarÃ©cage forestier	ğŸ›–ğŸ’¦	10	120	(11Â°C,0Â°C,14Â°C,25Â°C)	(80mm,60mm,95mm,90mm)	2	5	TRUE	FALSE	FALSE	1 (10%), 2 (10%), 3 (15%), 4 (10%), 5 (20%), 7 (15%), 8 (20%)	Zone humide avec des arbres adaptÃ©s, traversÃ©e difficile mais abritant une faune et une flore variÃ©es
047	4ï¸âƒ£ ForÃªt tempÃ©rÃ©e ğŸŒ³	7ï¸âƒ£Lac forestierğŸŒŠ	7ï¸âƒ£	4	7	Lac forestier	ğŸŒŠ	10	110	(10Â°C,-1Â°C,13Â°C,23Â°C)	(70mm,50mm,85mm,80mm)	3	8	TRUE	FALSE	FALSE	1 (15%), 2 (10%), 3 (10%), 4 (10%), 5 (10%), 6 (15%), 8 (15%)	Ã‰tendue dâ€™eau calme entourÃ©e dâ€™arbres, pouvant servir de rÃ©serve dâ€™eau et de refuge pour la faune
048	4ï¸âƒ£ ForÃªt tempÃ©rÃ©e ğŸŒ³	8ï¸âƒ£Sol rocailleuxğŸª¨	8ï¸âƒ£	4	8	Sol rocailleux	ğŸª¨	5	220	(9Â°C,-3Â°C,12Â°C,20Â°C)	(60mm,40mm,70mm,60mm)	4	12	TRUE	FALSE	TRUE	1 (10%), 2 (10%), 3 (10%), 4 (20%), 5 (10%), 6 (15%), 7 (10%)	Zone de pierre et de roches apparentes, parfois riche en gisements de pierre ou de minerais
051	5ï¸âƒ£ Plaine fertile ğŸŒ¿	1ï¸âƒ£Prairie fertileğŸŒ¾	1ï¸âƒ£	5	1	Prairie fertile	ğŸŒ¾	25	120	(13Â°C,2Â°C,16Â°C,25Â°C)	(50mm,30mm,60mm,65mm)	5	20	TRUE	TRUE	TRUE	2 (15%),3 (15%),4 (15%),5 (15%),6 (15%),7 (15%),8 (10%)	Ã‰tendue dâ€™herbes basses avec un sol trÃ¨s fertile, idÃ©ale pour lâ€™agriculture et lâ€™Ã©levage.
052	5ï¸âƒ£ Plaine fertile ğŸŒ¿	2ï¸âƒ£Champ cultivÃ©ğŸŒ½	2ï¸âƒ£	5	2	Champ cultivÃ©	ğŸŒ½	15	110	(14Â°C,1Â°C,17Â°C,26Â°C)	(55mm,35mm,70mm,75mm)	5	15	TRUE	TRUE	TRUE	1 (20%),3 (15%),4 (20%),5 (10%),6 (15%),7 (10%),8 (10%)	Zones exploitÃ©es pour diffÃ©rentes cultures (cÃ©rÃ©ales, lÃ©gumes), la production variant selon la saison et les techniques utilisÃ©es.
053	5ï¸âƒ£ Plaine fertile ğŸŒ¿	3ï¸âƒ£Colline herbeuseâ›°ï¸ğŸŒ¿	3ï¸âƒ£	5	3	Colline herbeuse	â›°ï¸ğŸŒ¿	10	150	(12Â°C,-1Â°C,15Â°C,23Â°C)	(45mm,25mm,55mm,60mm)	4	12	TRUE	TRUE	TRUE	1 (15%),2 (15%),4 (10%),6 (20%),7 (20%),8 (20%)	Relief modÃ©rÃ© recouvert dâ€™herbes et de buissons, apportant de la diversitÃ© et pouvant servir Ã  lâ€™Ã©levage.
054	5ï¸âƒ£ Plaine fertile ğŸŒ¿	4ï¸âƒ£RiviÃ¨re de plaineğŸ’§	4ï¸âƒ£	5	4	RiviÃ¨re de plaine	ğŸ’§	15	90	(13Â°C,1Â°C,16Â°C,25Â°C)	(60mm,40mm,80mm,85mm)	3	8	TRUE	FALSE	FALSE	1 (15%),2 (15%),3 (10%),5 (20%),6 (10%),7 (15%),8 (15%)	Source dâ€™eau cruciale pour lâ€™irrigation et la vie locale, pouvant contenir des poissons et favoriser la biodiversitÃ©.
055	5ï¸âƒ£ Plaine fertile ğŸŒ¿	5ï¸âƒ£Lac de plaineğŸŒŠ	5ï¸âƒ£	5	5	Lac de plaine	ğŸŒŠ	10	80	(12Â°C,0Â°C,15Â°C,24Â°C)	(55mm,35mm,75mm,80mm)	2	5	FALSE	FALSE	FALSE	1 (15%),2 (15%),4 (20%),6 (15%),7 (20%),8 (15%)	Grande Ã©tendue dâ€™eau douce, entourÃ©e de vÃ©gÃ©tation, servant de ressource en eau et de lieu de pÃªche.
056	5ï¸âƒ£ Plaine fertile ğŸŒ¿	6ï¸âƒ£Bois clairsemÃ©ğŸŒ³	6ï¸âƒ£	5	6	Bois clairsemÃ©	ğŸŒ³	10	100	(11Â°C,-1Â°C,14Â°C,22Â°C)	(48mm,28mm,65mm,70mm)	4	12	TRUE	TRUE	TRUE	1 (15%),2 (15%),3 (15%),4 (10%),5 (10%),7 (15%),8 (20%)	Petits bosquets et arbres Ã©pars, marquant la transition entre la plaine fertile et des zones plus forestiÃ¨res.
057	5ï¸âƒ£ Plaine fertile ğŸŒ¿	7ï¸âƒ£Marais de plaineğŸ›–ğŸ’¦	7ï¸âƒ£	5	7	Marais de plaine	ğŸ›–ğŸ’¦	10	90	(13Â°C,1Â°C,16Â°C,25Â°C)	(65mm,45mm,85mm,90mm)	3	8	TRUE	FALSE	FALSE	1 (10%),2 (10%),3 (10%),4 (15%),5 (15%),6 (15%),8 (25%)	Zone humide proche dâ€™un cours dâ€™eau ou dâ€™un lac, riche en biodiversitÃ© mais difficile Ã  exploiter.
058	5ï¸âƒ£ Plaine fertile ğŸŒ¿	8ï¸âƒ£Sol rocailleuxğŸª¨	8ï¸âƒ£	5	8	Sol rocailleux	ğŸª¨	5	140	(11Â°C,-2Â°C,14Â°C,22Â°C)	(40mm,20mm,50mm,55mm)	4	12	TRUE	TRUE	TRUE	1 (15%),2 (10%),3 (20%),4 (15%),5 (10%),6 (15%),7 (15%)	Terrain parsemÃ© de pierres et de cailloux, pouvant receler des ressources miniÃ¨res ou des vestiges archÃ©ologiques.
061	6ï¸âƒ£ Marais ğŸ›–	1ï¸âƒ£Eau stagnanteğŸ’¦	1ï¸âƒ£	6	1	Eau stagnante	ğŸ’¦	20	10	(14Â°C,5Â°C,16Â°C,26Â°C)	(80mm,50mm,90mm,100mm)	1	0	TRUE	FALSE	FALSE	2 (30%), 7 (25%), 6 (20%), 5 (15%), 3 (10%)	Ã‰tendue dâ€™eau peu profonde et souvent trouble, abritant poissons et plantes aquatiques, berges boueuses et glissantes, nÃ©cessite un traitement avant consommation
062	6ï¸âƒ£ Marais ğŸ›–	2ï¸âƒ£TourbiÃ¨reğŸŒ¿ğŸ’§	2ï¸âƒ£	6	2	TourbiÃ¨re	ğŸŒ¿ğŸ’§	15	15	(13Â°C,3Â°C,15Â°C,25Â°C)	(85mm,55mm,95mm,110mm)	1	0	FALSE	FALSE	FALSE	1 (30%), 3 (20%), 7 (20%), 8 (15%), 4 (15%)	Sol saturÃ© en eau avec mousse et vÃ©gÃ©tation flottante, difficilement praticable, peut stocker du carbone et recÃ¨le parfois des ressources
063	6ï¸âƒ£ Marais ğŸ›–	3ï¸âƒ£MarÃ©cage boisÃ©ğŸŒ³ğŸ’¦	3ï¸âƒ£	6	3	MarÃ©cage boisÃ©	ğŸŒ³ğŸ’¦	15	12	(14Â°C,2Â°C,16Â°C,24Â°C)	(90mm,60mm,100mm,120mm)	2	0	TRUE	FALSE	FALSE	1 (20%), 2 (20%), 8 (25%), 6 (15%), 7 (20%)	Zone humide avec arbres adaptÃ©s, offrant un habitat Ã  de nombreux animaux mais rendant la progression difficile
064	6ï¸âƒ£ Marais ğŸ›–	4ï¸âƒ£Ãlot herbeuxğŸŒ±	4ï¸âƒ£	6	4	Ãlot herbeux	ğŸŒ±	5	10	(15Â°C,4Â°C,17Â°C,27Â°C)	(70mm,45mm,80mm,90mm)	2	0	TRUE	FALSE	TRUE	1 (20%), 5 (25%), 6 (30%), 7 (25%)	Petite zone de terre Ã©mergÃ©e au milieu du marais, souvent instable, pouvant servir de refuge temporaire pour la faune
065	6ï¸âƒ£ Marais ğŸ›–	5ï¸âƒ£Plaine inondableğŸŒŠğŸŒ¾	5ï¸âƒ£	6	5	Plaine inondable	ğŸŒŠğŸŒ¾	10	8	(14Â°C,3Â°C,16Â°C,25Â°C)	(75mm,50mm,85mm,95mm)	3	5	TRUE	TRUE	TRUE	4 (20%), 6 (25%), 7 (25%), 3 (30%)	Zone basse pouvant se remplir dâ€™eau lors des crues, riche en nutriments, formant une transition vers des milieux plus secs
066	6ï¸âƒ£ Marais ğŸ›–	6ï¸âƒ£Lit de riviÃ¨re marÃ©cageuxğŸ’§ğŸŒ¾	6ï¸âƒ£	6	6	Lit de riviÃ¨re marÃ©cageux	ğŸ’§ğŸŒ¾	10	6	(13Â°C,2Â°C,15Â°C,24Â°C)	(85mm,60mm,95mm,110mm)	2	0	TRUE	FALSE	FALSE	1 (15%), 2 (10%), 3 (15%), 4 (10%), 5 (15%), 7 (15%), 8 (20%)	RiviÃ¨re lente traversant le marais, abritant une faune aquatique variÃ©e et favorisant la construction de villages sur pilotis
067	6ï¸âƒ£ Marais ğŸ›–	7ï¸âƒ£Sol boueuxğŸï¸	7ï¸âƒ£	6	7	Sol boueux	ğŸï¸	10	9	(15Â°C,3Â°C,17Â°C,26Â°C)	(88mm,58mm,98mm,115mm)	2	0	TRUE	FALSE	TRUE	1 (15%), 2 (15%), 3 (20%), 5 (15%), 6 (15%), 8 (20%)	Terrain glissant et chargÃ© en matiÃ¨res organiques, rendant la progression lente et fatigante, mais recÃ©lant parfois des ressources
068	6ï¸âƒ£ Marais ğŸ›–	8ï¸âƒ£ForÃªt marÃ©cageuseğŸŒ³ğŸ›–	8ï¸âƒ£	6	8	ForÃªt marÃ©cageuse	ğŸŒ³ğŸ›–	15	14	(13Â°C,1Â°C,15Â°C,24Â°C)	(95mm,65mm,105mm,125mm)	2	0	TRUE	FALSE	FALSE	2 (20%), 3 (25%), 6 (20%), 7 (10%), 4 (10%), 5 (15%)	Zone de transition entre le marais et une forÃªt dense, avec des arbres adaptÃ©s Ã  lâ€™humiditÃ© et une biodiversitÃ© riche
071	7ï¸âƒ£ Littoral tempÃ©rÃ© ğŸŒŠğŸŒ³	1ï¸âƒ£Plage de sableğŸ–ï¸	1ï¸âƒ£	7	1	Plage de sable	ğŸ–ï¸	20	5	(14Â°C,5Â°C,16Â°C,23Â°C)	(55mm,40mm,60mm,50mm)	5	15	TRUE	TRUE	TRUE	2(20%),3(15%),8(15%),4(10%),5(10%),6(10%),7(20%)	Ã‰tendue de sable fin exposÃ©e aux marÃ©es, abritant coquillages et dunes cÃ´tiÃ¨res, facilement praticable mais subissant lâ€™Ã©rosion
072	7ï¸âƒ£ Littoral tempÃ©rÃ© ğŸŒŠğŸŒ³	2ï¸âƒ£CÃ´te rocheuseğŸª¨ğŸŒŠ	2ï¸âƒ£	7	2	CÃ´te rocheuse	ğŸª¨ğŸŒŠ	15	20	(13Â°C,4Â°C,15Â°C,21Â°C)	(65mm,50mm,75mm,60mm)	3	10	TRUE	FALSE	TRUE	1(20%),3(10%),4(15%),8(15%),5(10%),6(15%),7(15%)	Falaises abruptes et rochers battus par les vagues, plus difficiles Ã  exploiter mais pouvant renfermer des grottes marines
073	7ï¸âƒ£ Littoral tempÃ©rÃ© ğŸŒŠğŸŒ³	3ï¸âƒ£Prairie cÃ´tiÃ¨reğŸŒ¿	3ï¸âƒ£	7	3	Prairie cÃ´tiÃ¨re	ğŸŒ¿	15	15	(14Â°C,3Â°C,16Â°C,22Â°C)	(60mm,45mm,70mm,55mm)	4	20	TRUE	TRUE	TRUE	1(15%),2(10%),4(15%),5(10%),6(15%),7(20%),8(15%)	Zone herbeuse proche du littoral, utilisÃ©e pour lâ€™Ã©levage ou lâ€™agriculture, formant une transition avec lâ€™intÃ©rieur des terres
074	7ï¸âƒ£ Littoral tempÃ©rÃ© ğŸŒŠğŸŒ³	4ï¸âƒ£ForÃªt cÃ´tiÃ¨reğŸŒ³	4ï¸âƒ£	7	4	ForÃªt cÃ´tiÃ¨re	ğŸŒ³	10	25	(13Â°C,2Â°C,15Â°C,21Â°C)	(65mm,55mm,75mm,60mm)	3	12	TRUE	FALSE	TRUE	1(10%),2(15%),3(15%),5(15%),6(10%),7(10%),8(25%)	VÃ©gÃ©tation adaptÃ©e aux vents marins, comme pins et chÃªnes verts, pouvant abriter une faune spÃ©cifique au littoral
075	7ï¸âƒ£ Littoral tempÃ©rÃ© ğŸŒŠğŸŒ³	5ï¸âƒ£Marais salantğŸ›–ğŸ’¦	5ï¸âƒ£	7	5	Marais salant	ğŸ›–ğŸ’¦	10	2	(15Â°C,5Â°C,17Â°C,24Â°C)	(70mm,60mm,80mm,65mm)	2	5	TRUE	FALSE	FALSE	1(10%),2(10%),3(10%),4(15%),6(20%),7(15%),8(20%)	Zone de faible altitude oÃ¹ lâ€™eau salÃ©e sâ€™accumule pour la production de sel ou la prÃ©servation dâ€™une biodiversitÃ© typique des milieux humides
076	7ï¸âƒ£ Littoral tempÃ©rÃ© ğŸŒŠğŸŒ³	6ï¸âƒ£EstuaireğŸ’§	6ï¸âƒ£	7	6	Estuaire	ğŸ’§	10	0	(14Â°C,4Â°C,16Â°C,23Â°C)	(75mm,60mm,85mm,70mm)	3	8	TRUE	FALSE	FALSE	1(10%),2(15%),3(15%),4(10%),5(20%),7(10%),8(20%)	Embouchure de riviÃ¨re mÃªlant eau douce et eau salÃ©e, riche en biodiversitÃ© et propice Ã  la pÃªche, reliant le fleuve Ã  lâ€™ocÃ©an
077	7ï¸âƒ£ Littoral tempÃ©rÃ© ğŸŒŠğŸŒ³	7ï¸âƒ£LaguneğŸŒŠğŸ¦€	7ï¸âƒ£	7	7	Lagune	ğŸŒŠğŸ¦€	10	3	(15Â°C,5Â°C,17Â°C,24Â°C)	(65mm,50mm,75mm,60mm)	2	5	TRUE	FALSE	FALSE	1(20%),2(15%),3(20%),5(15%),6(10%),8(20%)	Ã‰tendue dâ€™eau peu profonde sÃ©parÃ©e de la mer par une bande de terre, abritant de nombreuses espÃ¨ces aquatiques et des zones humides
078	7ï¸âƒ£ Littoral tempÃ©rÃ© ğŸŒŠğŸŒ³	8ï¸âƒ£Dune cÃ´tiÃ¨reâ³	8ï¸âƒ£	7	8	Dune cÃ´tiÃ¨re	â³	10	10	(14Â°C,4Â°C,16Â°C,22Â°C)	(50mm,40mm,55mm,45mm)	4	15	TRUE	FALSE	TRUE	1(15%),2(15%),3(15%),4(25%),5(10%),6(10%),7(10%)	Buttes de sable faÃ§onnÃ©es par le vent, protÃ©geant lâ€™intÃ©rieur des terres de lâ€™Ã©rosion marine et recouvertes dâ€™une vÃ©gÃ©tation stabilisante
081	8ï¸âƒ£ ForÃªt borÃ©ale ğŸŒ²	1ï¸âƒ£ForÃªt de conifÃ¨res denseğŸŒ²ğŸŒ²	1ï¸âƒ£	8	1	ForÃªt de conifÃ¨res dense	ğŸŒ²ğŸŒ²	25	200	(6Â°C,-10Â°C,4Â°C,17Â°C)	(45mm,25mm,40mm,60mm)	2	8	TRUE	FALSE	TRUE	2(15%),3(10%),4(20%),5(10%),6(5%),7(15%),8(25%)	Grande concentration de sapins, pins et Ã©picÃ©as, offrant dâ€™abondantes ressources en bois, mais un accÃ¨s difficile en raison de la vÃ©gÃ©tation dense
082	8ï¸âƒ£ ForÃªt borÃ©ale ğŸŒ²	2ï¸âƒ£ForÃªt clairsemÃ©eğŸŒ²ğŸ‚	2ï¸âƒ£	8	2	ForÃªt clairsemÃ©e	ğŸŒ²ğŸ‚	15	180	(5Â°C,-12Â°C,3Â°C,16Â°C)	(40mm,20mm,35mm,55mm)	3	12	TRUE	FALSE	TRUE	1(15%),3(15%),4(10%),5(10%),6(5%),7(10%),8(10%)	Zones oÃ¹ la vÃ©gÃ©tation est plus espacÃ©e, formant des clairiÃ¨res et servant de transition vers dâ€™autres terrains
083	8ï¸âƒ£ ForÃªt borÃ©ale ğŸŒ²	3ï¸âƒ£Toundra forestiÃ¨reâ„ï¸ğŸŒ¿	3ï¸âƒ£	8	3	Toundra forestiÃ¨re	â„ï¸ğŸŒ¿	10	150	(2Â°C,-15Â°C,2Â°C,14Â°C)	(30mm,15mm,25mm,45mm)	3	10	TRUE	FALSE	TRUE	1(10%),2(15%),4(15%),5(10%),6(10%),7(20%),8(20%)	Zone oÃ¹ la vÃ©gÃ©tation sâ€™abaisse et le sol gÃ¨le partiellement, marquant la transition vers la toundra avec lichens et mousses
084	8ï¸âƒ£ ForÃªt borÃ©ale ğŸŒ²	4ï¸âƒ£Colline boisÃ©eâ›°ï¸ğŸŒ²	4ï¸âƒ£	8	4	Colline boisÃ©e	â›°ï¸ğŸŒ²	15	300	(4Â°C,-13Â°C,3Â°C,15Â°C)	(35mm,20mm,30mm,50mm)	2	8	TRUE	FALSE	TRUE	1(20%),2(10%),3(15%),5(5%),6(5%),7(15%),8(30%)	Relief couvert de conifÃ¨res, ajoutant de la diversitÃ© au biome et recÃ©lant parfois des grottes ou des ressources minÃ©rales
085	8ï¸âƒ£ ForÃªt borÃ©ale ğŸŒ²	5ï¸âƒ£RiviÃ¨re borÃ©aleğŸ’§â„ï¸	5ï¸âƒ£	8	5	RiviÃ¨re borÃ©ale	ğŸ’§â„ï¸	10	100	(5Â°C,-11Â°C,4Â°C,16Â°C)	(50mm,30mm,45mm,65mm)	3	5	TRUE	FALSE	FALSE	1(10%),2(10%),3(10%),4(5%),6(20%),7(20%),8(25%)	Cours dâ€™eau froid souvent gelÃ© en hiver, essentiel pour la faune et la flore, mais non carrossable pour un vÃ©hicule Ã  roues
086	8ï¸âƒ£ ForÃªt borÃ©ale ğŸŒ²	6ï¸âƒ£Lac borÃ©alğŸŒŠâ„ï¸	6ï¸âƒ£	8	6	Lac borÃ©al	ğŸŒŠâ„ï¸	10	110	(5Â°C,-10Â°C,3Â°C,15Â°C)	(48mm,28mm,40mm,60mm)	2	4	FALSE	FALSE	FALSE	1(5%),2(5%),3(10%),4(5%),5(20%),7(25%),8(30%)	Ã‰tendue dâ€™eau douce entourÃ©e de conifÃ¨res, susceptible de geler en hiver et pouvant alors servir de passage temporaire
087	8ï¸âƒ£ ForÃªt borÃ©ale ğŸŒ²	7ï¸âƒ£MarÃ©cage borÃ©alğŸ›–ğŸ’¦	7ï¸âƒ£	8	7	MarÃ©cage borÃ©al	ğŸ›–ğŸ’¦	10	120	(4Â°C,-12Â°C,2Â°C,14Â°C)	(55mm,35mm,50mm,70mm)	2	5	TRUE	FALSE	FALSE	1(15%),2(10%),3(20%),4(15%),5(20%),6(25%),8(15%)	Zone humide et tourbeuse, riche en biodiversitÃ© mais difficile dâ€™accÃ¨s, souvent infestÃ©e dâ€™insectes et moustiques
088	8ï¸âƒ£ ForÃªt borÃ©ale ğŸŒ²	8ï¸âƒ£Sol rocailleuxğŸª¨â„ï¸	8ï¸âƒ£	8	8	Sol rocailleux	ğŸª¨â„ï¸	5	250	(3Â°C,-14Â°C,2Â°C,14Â°C)	(35mm,20mm,30mm,45mm)	3	10	TRUE	FALSE	TRUE	1(25%),2(10%),3(20%),4(30%),5(5%),6(5%),7(5%)	Terrain parsemÃ© de rochers et de sols gelÃ©s, pouvant receler du minerai et formant une transition vers des zones plus montagneuses
091	9ï¸âƒ£ Toundra â„ï¸	1ï¸âƒ£Plaine de toundrağŸŒ¿â„ï¸	1ï¸âƒ£	9	1	Plaine de toundra	ğŸŒ¿â„ï¸	20	80	(2Â°C,-15Â°C,3Â°C,10Â°C)	(25mm,10mm,30mm,35mm)	3	8	TRUE	FALSE	TRUE	2(15%),3(10%),4(20%),6(15%),7(20%),8(20%),5(0%)	Ã‰tendue de mousses, lichens et herbes basses adaptÃ©es au froid, avec un sol gelÃ© en profondeur et difficile Ã  cultiver
092	9ï¸âƒ£ Toundra â„ï¸	2ï¸âƒ£Colline de toundraâ›°ï¸â„ï¸	2ï¸âƒ£	9	2	Colline de toundra	â›°ï¸â„ï¸	15	120	(1Â°C,-17Â°C,2Â°C,9Â°C)	(20mm,10mm,25mm,30mm)	2	6	TRUE	FALSE	TRUE	1(15%),3(15%),4(15%),5(10%),6(10%),7(20%),8(15%)	Relief modÃ©rÃ© recouvert de vÃ©gÃ©tation basse, pouvant receler cavitÃ©s naturelles ou vestiges de pergÃ©lisol ancien
093	9ï¸âƒ£ Toundra â„ï¸	3ï¸âƒ£TourbiÃ¨re arctiqueğŸ›–ğŸ’¦	3ï¸âƒ£	9	3	TourbiÃ¨re arctique	ğŸ›–ğŸ’¦	10	70	(3Â°C,-14Â°C,4Â°C,11Â°C)	(40mm,25mm,45mm,50mm)	2	5	TRUE	FALSE	FALSE	1(10%),2(15%),4(10%),6(15%),7(20%),8(20%),5(10%)	Zone humide oÃ¹ la matiÃ¨re organique sâ€™accumule lentement, riche en biodiversitÃ© mais instable et peu praticable
094	9ï¸âƒ£ Toundra â„ï¸	4ï¸âƒ£Sol gelÃ© (pergÃ©lisol)â„ï¸ğŸª¨	4ï¸âƒ£	9	4	Sol gelÃ© (pergÃ©lisol)	â„ï¸ğŸª¨	15	90	(1Â°C,-18Â°C,2Â°C,8Â°C)	(15mm,8mm,20mm,25mm)	2	5	TRUE	FALSE	TRUE	1(20%),2(15%),3(10%),5(10%),6(15%),7(10%),8(20%)	Terrain durci par le froid et parfois impraticable, pouvant renfermer des ressources fossilisÃ©es ou gelÃ©es sous la glace
095	9ï¸âƒ£ Toundra â„ï¸	5ï¸âƒ£Lac gelÃ©ğŸŒŠâ„ï¸	5ï¸âƒ£	9	5	Lac gelÃ©	ğŸŒŠâ„ï¸	10	60	(0Â°C,-20Â°C,1Â°C,7Â°C)	(20mm,10mm,25mm,30mm)	1	0	FALSE	FALSE	FALSE	2(10%),3(10%),4(10%),6(15%),7(15%),8(20%),1(20%)	Ã‰tendue dâ€™eau souvent prise par la glace, pouvant devenir un point de passage temporaire en hiver
096	9ï¸âƒ£ Toundra â„ï¸	6ï¸âƒ£RiviÃ¨re de toundrağŸ’§â„ï¸	6ï¸âƒ£	9	6	RiviÃ¨re de toundra	ğŸ’§â„ï¸	10	50	(2Â°C,-16Â°C,3Â°C,9Â°C)	(30mm,15mm,35mm,40mm)	2	5	TRUE	FALSE	FALSE	1(15%),2(10%),3(15%),4(15%),5(10%),7(20%),8(15%)	Cours dâ€™eau trÃ¨s froid, alimentÃ© par la fonte des neiges et pouvant Ãªtre partiellement gelÃ© selon la saison
097	9ï¸âƒ£ Toundra â„ï¸	7ï¸âƒ£Plaine rocailleuseğŸï¸ğŸª¨	7ï¸âƒ£	9	7	Plaine rocailleuse	ğŸï¸ğŸª¨	10	100	(1Â°C,-19Â°C,2Â°C,8Â°C)	(15mm,10mm,20mm,25mm)	2	5	TRUE	FALSE	TRUE	1(20%),2(20%),3(20%),4(10%),5(10%),6(10%),8(10%)	Terrain jonchÃ© de pierres, pauvre en vÃ©gÃ©tation, pouvant contenir des minÃ©raux rares et marquant parfois la transition vers les montagnes
098	9ï¸âƒ£ Toundra â„ï¸	8ï¸âƒ£Glacier isolÃ©ğŸ”ï¸â„ï¸	8ï¸âƒ£	9	8	Glacier isolÃ©	ğŸ”ï¸â„ï¸	10	200	(-2Â°C,-25Â°C,-1Â°C,5Â°C)	(10mm,5mm,15mm,20mm)	1	0	FALSE	FALSE	TRUE	1(20%),2(15%),3(20%),4(20%),5(10%),6(5%),7(10%)	Petite calotte de glace permanente, potentielle rÃ©serve dâ€™eau douce lors de la fonte, mais pratiquement infranchissable pour un humain non Ã©quipÃ©
101	ğŸ”Ÿ Littoral froid ğŸŒŠâ„ï¸	1ï¸âƒ£Plage glacÃ©eğŸ–ï¸â„ï¸	1ï¸âƒ£	10	1	Plage glacÃ©e	ğŸ–ï¸â„ï¸	15	5	(2Â°C,-10Â°C,3Â°C,8Â°C)	(60mm,40mm,70mm,50mm)	3	8	TRUE	FALSE	TRUE	2(15%),3(20%),4(10%),5(15%),6(10%),7(5%),8(25%)	Ã‰tendue de sable ou galets recouverte de glace en hiver, parfois impraticable selon la saison
102	ğŸ”Ÿ Littoral froid ğŸŒŠâ„ï¸	2ï¸âƒ£CÃ´te rocheuse froideğŸª¨ğŸŒŠâ„ï¸	2ï¸âƒ£	10	2	CÃ´te rocheuse froide	ğŸª¨ğŸŒŠâ„ï¸	15	20	(1Â°C,-12Â°C,2Â°C,7Â°C)	(70mm,50mm,80mm,60mm)	2	8	TRUE	FALSE	TRUE	1(15%),3(10%),4(10%),5(15%),6(20%),7(10%),8(20%)	Falaises abruptes battues par le vent et le froid, pouvant renfermer des grottes marines ou abriter des colonies animales
103	ğŸ”Ÿ Littoral froid ğŸŒŠâ„ï¸	3ï¸âƒ£Toundra cÃ´tiÃ¨reğŸŒ¿â„ï¸	3ï¸âƒ£	10	3	Toundra cÃ´tiÃ¨re	ğŸŒ¿â„ï¸	15	10	(0Â°C,-15Â°C,1Â°C,6Â°C)	(40mm,25mm,50mm,45mm)	3	8	TRUE	FALSE	TRUE	1(20%),2(10%),4(15%),5(15%),6(10%),7(10%),8(20%)	VÃ©gÃ©tation basse et rÃ©sistante au froid, faisant la transition entre la mer gelÃ©e et les terres intÃ©rieures
104	ğŸ”Ÿ Littoral froid ğŸŒŠâ„ï¸	4ï¸âƒ£ForÃªt borÃ©ale cÃ´tiÃ¨reğŸŒ²â„ï¸	4ï¸âƒ£	10	4	ForÃªt borÃ©ale cÃ´tiÃ¨re	ğŸŒ²â„ï¸	10	50	(2Â°C,-10Â°C,3Â°C,9Â°C)	(65mm,45mm,75mm,55mm)	3	10	TRUE	FALSE	TRUE	1(10%),2(10%),3(15%),5(15%),6(15%),7(10%),8(25%)	ConifÃ¨res adaptÃ©s aux embruns et au froid, formant une zone boisÃ©e rare mais prÃ©sente en bord de mer
105	ğŸ”Ÿ Littoral froid ğŸŒŠâ„ï¸	5ï¸âƒ£Marais salÃ© arctiqueğŸ›–ğŸ’¦â„ï¸	5ï¸âƒ£	10	5	Marais salÃ© arctique	ğŸ›–ğŸ’¦â„ï¸	15	2	(3Â°C,-8Â°C,4Â°C,10Â°C)	(75mm,60mm,85mm,70mm)	2	5	TRUE	FALSE	FALSE	1(15%),2(15%),3(15%),4(15%),6(10%),7(10%),8(20%)	Zone humide influencÃ©e par les marÃ©es et le gel, riche en biodiversitÃ© malgrÃ© des conditions extrÃªmes
106	ğŸ”Ÿ Littoral froid ğŸŒŠâ„ï¸	6ï¸âƒ£Fjordâ›°ï¸ğŸŒŠâ„ï¸	6ï¸âƒ£	10	6	Fjord	â›°ï¸ğŸŒŠâ„ï¸	10	30	(1Â°C,-12Â°C,2Â°C,7Â°C)	(80mm,55mm,90mm,65mm)	2	5	TRUE	FALSE	TRUE	1(10%),2(20%),3(10%),4(15%),5(10%),7(10%),8(25%)	EntrÃ©e de mer encaissÃ©e entre reliefs froids, site remarquable mais difficile dâ€™accÃ¨s et soumis aux tempÃªtes
107	ğŸ”Ÿ Littoral froid ğŸŒŠâ„ï¸	7ï¸âƒ£Iceberg dÃ©rivantğŸ”ï¸ğŸŒŠâ„ï¸	7ï¸âƒ£	10	7	Iceberg dÃ©rivant	ğŸ”ï¸ğŸŒŠâ„ï¸	10	0	(-1Â°C,-20Â°C,0Â°C,3Â°C)	(20mm,15mm,30mm,25mm)	1	0	FALSE	FALSE	FALSE	1(5%),2(10%),3(10%),4(10%),5(10%),6(10%),8(45%)	Bloc de glace flottant pouvant constituer un obstacle ou une ressource en eau douce, se dÃ©plaÃ§ant au grÃ© des courants
108	ğŸ”Ÿ Littoral froid ğŸŒŠâ„ï¸	8ï¸âƒ£Banquise cÃ´tiÃ¨reâ„ï¸ğŸŒŠ	8ï¸âƒ£	10	8	Banquise cÃ´tiÃ¨re	â„ï¸ğŸŒŠ	10	0	(0Â°C,-18Â°C,1Â°C,5Â°C)	(30mm,20mm,40mm,35mm)	2	5	TRUE	FALSE	FALSE	1(25%),2(20%),3(20%),4(25%),5(20%),6(25%),7(45%)	Mer gelÃ©e le long des rivages, praticable en hiver comme voie de passage temporaire, mais sujette aux ruptures de glace
111	1ï¸âƒ£1ï¸âƒ£ Jungle tropicale ğŸŒ´	1ï¸âƒ£ForÃªt tropicale denseğŸŒ³ğŸŒ´	1ï¸âƒ£	11	1	ForÃªt tropicale dense	ğŸŒ³ğŸŒ´	25	150	(26Â°C,22Â°C,28Â°C,32Â°C)	(300mm,150mm,350mm,400mm)	2	5	TRUE	FALSE	TRUE	2(15%),3(10%),4(10%),5(15%),7(15%),8(20%),6(10%)	Grande concentration dâ€™arbres tropicaux (palmiers, ceibas, acajous), dâ€™accÃ¨s difficile mais riche en ressources
112	1ï¸âƒ£1ï¸âƒ£ Jungle tropicale ğŸŒ´	2ï¸âƒ£ForÃªt tropicale clairsemÃ©eğŸŒ´ğŸ‚	2ï¸âƒ£	11	2	ForÃªt tropicale clairsemÃ©e	ğŸŒ´ğŸ‚	15	130	(27Â°C,21Â°C,29Â°C,33Â°C)	(250mm,120mm,300mm,350mm)	3	10	TRUE	FALSE	TRUE	1(15%),3(10%),4(10%),5(10%),6(10%),7(20%),8(25%)	Zones avec des clairiÃ¨res et des arbres plus espacÃ©s, formant une transition entre la jungle dense et dâ€™autres terrains
113	1ï¸âƒ£1ï¸âƒ£ Jungle tropicale ğŸŒ´	3ï¸âƒ£RiviÃ¨re tropicaleğŸ’§	3ï¸âƒ£	11	3	RiviÃ¨re tropicale	ğŸ’§	10	100	(26Â°C,20Â°C,28Â°C,32Â°C)	(280mm,100mm,320mm,380mm)	3	5	TRUE	FALSE	FALSE	1(10%),2(10%),4(15%),5(10%),6(20%),7(15%),8(20%)	Eau douce essentielle, souvent sinueuse, source de poissons et de transport fluvial
114	1ï¸âƒ£1ï¸âƒ£ Jungle tropicale ğŸŒ´	4ï¸âƒ£MarÃ©cage tropicalğŸ›–ğŸ’¦	4ï¸âƒ£	11	4	MarÃ©cage tropical	ğŸ›–ğŸ’¦	10	80	(27Â°C,21Â°C,29Â°C,34Â°C)	(320mm,200mm,400mm,450mm)	2	3	TRUE	FALSE	FALSE	1(10%),2(10%),3(15%),5(10%),6(10%),7(20%),8(25%)	Zone humide avec mangroves et tourbiÃ¨res, riche en faune mais difficilement praticable
115	1ï¸âƒ£1ï¸âƒ£ Jungle tropicale ğŸŒ´	5ï¸âƒ£Colline boisÃ©e tropicaleâ›°ï¸ğŸŒ´	5ï¸âƒ£	11	5	Colline boisÃ©e tropicale	â›°ï¸ğŸŒ´	15	200	(24Â°C,18Â°C,25Â°C,29Â°C)	(200mm,100mm,250mm,300mm)	3	8	TRUE	FALSE	TRUE	1(15%),2(10%),3(10%),4(10%),6(10%),7(15%),8(30%)	Relief couvert de jungle, offrant une diversitÃ© de paysages et pouvant receler grottes ou ressources prÃ©cieuses
116	1ï¸âƒ£1ï¸âƒ£ Jungle tropicale ğŸŒ´	6ï¸âƒ£Lac tropicalğŸŒŠ	6ï¸âƒ£	11	6	Lac tropical	ğŸŒŠ	10	120	(25Â°C,19Â°C,27Â°C,31Â°C)	(220mm,110mm,280mm,330mm)	1	5	FALSE	FALSE	FALSE	1(5%),2(10%),3(20%),4(10%),5(10%),7(15%),8(30%)	Ã‰tendue dâ€™eau douce entourÃ©e de vÃ©gÃ©tation luxuriante, abritant une biodiversitÃ© unique
117	1ï¸âƒ£1ï¸âƒ£ Jungle tropicale ğŸŒ´	7ï¸âƒ£Sol boueuxğŸï¸	7ï¸âƒ£	11	7	Sol boueux	ğŸï¸	10	90	(27Â°C,22Â°C,29Â°C,33Â°C)	(310mm,160mm,340mm,420mm)	2	3	TRUE	FALSE	TRUE	1(15%),2(20%),3(15%),4(20%),5(15%),6(5%),8(10%)	Terrain humide et glissant, souvent formÃ© aprÃ¨s de fortes pluies, limitant les dÃ©placements et lâ€™amÃ©nagement
118	1ï¸âƒ£1ï¸âƒ£ Jungle tropicale ğŸŒ´	8ï¸âƒ£ClairiÃ¨re fertileğŸŒ¿	8ï¸âƒ£	11	8	ClairiÃ¨re fertile	ğŸŒ¿	5	110	(26Â°C,20Â°C,28Â°C,32Â°C)	(260mm,110mm,300mm,360mm)	4	12	TRUE	TRUE	TRUE	1(20%),2(25%),3(20%),4(25%),5(30%),6(5%),7(10%)	Zone ouverte avec une vÃ©gÃ©tation plus basse, exploitable pour lâ€™agriculture tropicale
121	1ï¸âƒ£2ï¸âƒ£ Littoral tropical ğŸŒŠğŸŒ´	1ï¸âƒ£Plage de sable blancğŸ–ï¸	1ï¸âƒ£	12	1	Plage de sable blanc	ğŸ–ï¸	20	10	(28Â°C,25Â°C,30Â°C,35Â°C)	(200mm,100mm,300mm,400mm)	5	15	TRUE	TRUE	TRUE	2(15%),3(10%),4(10%),5(10%),7(15%),8(10%),6(10%)	Ã‰tendue de sable fin, chaude et ensoleillÃ©e, pouvant accueillir cocotiers et coquillages
122	1ï¸âƒ£2ï¸âƒ£ Littoral tropical ğŸŒŠğŸŒ´	2ï¸âƒ£CÃ´te rocheuse tropicaleğŸª¨ğŸŒŠ	2ï¸âƒ£	12	2	CÃ´te rocheuse tropicale	ğŸª¨ğŸŒŠ	15	20	(27Â°C,24Â°C,29Â°C,34Â°C)	(180mm,80mm,250mm,350mm)	3	8	TRUE	FALSE	TRUE	1(15%),3(10%),4(15%),5(10%),7(10%),8(15%),6(10%)	Falaises abruptes sculptÃ©es par les vagues, renfermant parfois grottes marines et colonies dâ€™oiseaux
123	1ï¸âƒ£2ï¸âƒ£ Littoral tropical ğŸŒŠğŸŒ´	3ï¸âƒ£ForÃªt cÃ´tiÃ¨re tropicaleğŸŒ³ğŸŒ´	3ï¸âƒ£	12	3	ForÃªt cÃ´tiÃ¨re tropicale	ğŸŒ³ğŸŒ´	15	30	(26Â°C,23Â°C,28Â°C,33Â°C)	(250mm,150mm,350mm,450mm)	3	10	TRUE	FALSE	TRUE	1(10%),2(10%),4(10%),7(20%),5(10%),8(25%),6(15%)	VÃ©gÃ©tation dense adaptÃ©e au climat marin, avec palmiers et figuiers Ã©trangleurs, faisant la transition vers la jungle
124	1ï¸âƒ£2ï¸âƒ£ Littoral tropical ğŸŒŠğŸŒ´	4ï¸âƒ£MangroveğŸ›–ğŸ’¦	4ï¸âƒ£	12	4	Mangrove	ğŸ›–ğŸ’¦	10	5	(27Â°C,24Â°C,29Â°C,34Â°C)	(300mm,200mm,400mm,500mm)	2	5	TRUE	FALSE	TRUE	1(10%),2(15%),3(10%),5(15%),7(10%),8(20%),6(20%)	Zone humide aux arbres enracinÃ©s dans lâ€™eau salÃ©e, essentielle pour la biodiversitÃ© et la protection cÃ´tiÃ¨re
125	1ï¸âƒ£2ï¸âƒ£ Littoral tropical ğŸŒŠğŸŒ´	5ï¸âƒ£Lagune tropicaleğŸŒŠğŸ¦€	5ï¸âƒ£	12	5	Lagune tropicale	ğŸŒŠğŸ¦€	10	5	(28Â°C,25Â°C,30Â°C,35Â°C)	(200mm,150mm,300mm,350mm)	2	5	FALSE	FALSE	FALSE	1(10%),2(10%),3(10%),4(15%),7(10%),8(15%),6(30%)	Ã‰tendue dâ€™eau calme sÃ©parÃ©e de la mer par une bande de terre, abritant une riche vie aquatique
126	1ï¸âƒ£2ï¸âƒ£ Littoral tropical ğŸŒŠğŸŒ´	6ï¸âƒ£RÃ©cif corallienğŸª¸ğŸ 	6ï¸âƒ£	12	6	RÃ©cif corallien	ğŸª¸ğŸ 	10	0	(28Â°C,26Â°C,31Â°C,35Â°C)	(200mm,120mm,280mm,350mm)	1	0	FALSE	FALSE	FALSE	1(10%),2(10%),3(15%),4(20%),5(30%),7(5%),8(10%)	Zone sous-marine aux coraux et poissons tropicaux, prisÃ©e pour la plongÃ©e et la pÃªche
127	1ï¸âƒ£2ï¸âƒ£ Littoral tropical ğŸŒŠğŸŒ´	7ï¸âƒ£Dune cÃ´tiÃ¨re tropicaleâ³ğŸŒ´	7ï¸âƒ£	12	7	Dune cÃ´tiÃ¨re tropicale	â³ğŸŒ´	10	15	(29Â°C,25Â°C,31Â°C,36Â°C)	(150mm,60mm,200mm,300mm)	4	12	TRUE	TRUE	TRUE	1(15%),2(10%),3(20%),4(10%),5(10%),6(5%),8(30%)	Buttes de sable stabilisÃ©es par une vÃ©gÃ©tation rÃ©sistante, protÃ©geant lâ€™intÃ©rieur des terres contre lâ€™Ã©rosion
128	1ï¸âƒ£2ï¸âƒ£ Littoral tropical ğŸŒŠğŸŒ´	8ï¸âƒ£Ãlot tropicalğŸï¸	8ï¸âƒ£	12	8	Ãlot tropical	ğŸï¸	10	10	(29Â°C,26Â°C,32Â°C,36Â°C)	(250mm,120mm,300mm,380mm)	3	8	FALSE	FALSE	TRUE	1(10%),2(15%),3(25%),4(20%),5(15%),6(10%),7(5%)	Petite Ã®le couverte de vÃ©gÃ©tation, souvent isolÃ©e, pouvant servir de refuge pour la faune ou offrir des ressources rares
131	1ï¸âƒ£3ï¸âƒ£ Littoral mÃ©diterranÃ©en ğŸŒŠâ˜€ï¸	1ï¸âƒ£Plage de sable dorÃ©ğŸ–ï¸	1ï¸âƒ£	13	1	Plage de sable dorÃ©	ğŸ–ï¸	20	5	(19Â°C,10Â°C,22Â°C,28Â°C)	(50mm,80mm,40mm,20mm)	5	20	TRUE	TRUE	TRUE	2(15%),3(10%),4(10%),5(15%),6(10%),7(15%),8(25%)	Ã‰tendue de sable fin et chaud, pouvant comporter des dunes stabilisÃ©es par la vÃ©gÃ©tation
132	1ï¸âƒ£3ï¸âƒ£ Littoral mÃ©diterranÃ©en ğŸŒŠâ˜€ï¸	2ï¸âƒ£CÃ´te rocheuse mÃ©diterranÃ©enneğŸª¨ğŸŒŠ	2ï¸âƒ£	13	2	CÃ´te rocheuse mÃ©diterranÃ©enne	ğŸª¨ğŸŒŠ	15	20	(18Â°C,9Â°C,20Â°C,27Â°C)	(60mm,100mm,50mm,30mm)	4	10	TRUE	FALSE	TRUE	1(15%),3(15%),4(10%),5(10%),6(10%),7(20%),8(20%)	Falaises calcaires abruptes battues par les vagues, avec des grottes marines et des criques cachÃ©es
133	1ï¸âƒ£3ï¸âƒ£ Littoral mÃ©diterranÃ©en ğŸŒŠâ˜€ï¸	3ï¸âƒ£ForÃªt mÃ©diterranÃ©enneğŸŒ³ğŸŒ¿	3ï¸âƒ£	13	3	ForÃªt mÃ©diterranÃ©enne	ğŸŒ³ğŸŒ¿	15	30	(17Â°C,8Â°C,19Â°C,27Â°C)	(70mm,110mm,60mm,25mm)	3	10	TRUE	FALSE	TRUE	1(10%),2(15%),4(10%),5(15%),6(15%),7(15%),8(20%)	Pins parasols, oliviers et chÃªnes verts, formant la transition entre la cÃ´te et lâ€™intÃ©rieur des terres
134	1ï¸âƒ£3ï¸âƒ£ Littoral mÃ©diterranÃ©en ğŸŒŠâ˜€ï¸	4ï¸âƒ£GarrigueğŸŒ¿ğŸ‚	4ï¸âƒ£	13	4	Garrigue	ğŸŒ¿ğŸ‚	10	15	(18Â°C,9Â°C,20Â°C,29Â°C)	(50mm,90mm,40mm,20mm)	4	15	TRUE	TRUE	TRUE	1(10%),2(10%),3(10%),5(20%),6(15%),7(20%),8(15%)	VÃ©gÃ©tation basse et buissonnante (thym, lavande, romarin), sol sec mais riche en biodiversitÃ©
135	1ï¸âƒ£3ï¸âƒ£ Littoral mÃ©diterranÃ©en ğŸŒŠâ˜€ï¸	5ï¸âƒ£MaquisğŸŒ¾ğŸŒ³	5ï¸âƒ£	13	5	Maquis	ğŸŒ¾ğŸŒ³	10	25	(19Â°C,10Â°C,21Â°C,30Â°C)	(55mm,95mm,45mm,25mm)	3	8	TRUE	FALSE	TRUE	1(15%),2(10%),3(15%),4(20%),6(15%),7(15%),8(10%)	VÃ©gÃ©tation plus dense que la garrigue, composÃ©e dâ€™arbustes et de petits arbres, abritant une faune variÃ©e
136	1ï¸âƒ£3ï¸âƒ£ Littoral mÃ©diterranÃ©en ğŸŒŠâ˜€ï¸	6ï¸âƒ£Lagune mÃ©diterranÃ©enneğŸŒŠğŸ¦€	6ï¸âƒ£	13	6	Lagune mÃ©diterranÃ©enne	ğŸŒŠğŸ¦€	10	5	(20Â°C,11Â°C,23Â°C,31Â°C)	(70mm,120mm,60mm,30mm)	2	0	FALSE	FALSE	FALSE	1(10%),2(10%),3(15%),4(10%),5(10%),7(20%),8(25%)	Ã‰tendue dâ€™eau peu profonde sÃ©parÃ©e de la mer, riche en faune et flore aquatique
137	1ï¸âƒ£3ï¸âƒ£ Littoral mÃ©diterranÃ©en ğŸŒŠâ˜€ï¸	7ï¸âƒ£RiviÃ¨re cÃ´tiÃ¨reğŸ’§ğŸŒ¿	7ï¸âƒ£	13	7	RiviÃ¨re cÃ´tiÃ¨re	ğŸ’§ğŸŒ¿	10	10	(18Â°C,8Â°C,20Â°C,28Â°C)	(80mm,110mm,70mm,35mm)	3	5	TRUE	FALSE	FALSE	1(15%),2(10%),3(15%),4(20%),5(10%),6(15%),8(15%)	Cours dâ€™eau descendant des collines vers la mer, essentiel pour lâ€™agriculture et la biodiversitÃ© locale
138	1ï¸âƒ£3ï¸âƒ£ Littoral mÃ©diterranÃ©en ğŸŒŠâ˜€ï¸	8ï¸âƒ£Ãlot rocheuxğŸï¸ğŸª¨	8ï¸âƒ£	13	8	Ãlot rocheux	ğŸï¸ğŸª¨	10	0	(19Â°C,11Â°C,21Â°C,29Â°C)	(55mm,100mm,45mm,25mm)	2	0	FALSE	FALSE	TRUE	1(25%),2(20%),3(20%),4(10%),5(10%),6(5%),7(10%)	Petite Ã®le escarpÃ©e au large, pouvant abriter des colonies dâ€™oiseaux marins et parfois des ressources rares
141	1ï¸âƒ£4ï¸âƒ£ Montagne â›°ï¸	1ï¸âƒ£Sommet rocheuxâ›°ï¸ğŸª¨	1ï¸âƒ£	14	1	Sommet rocheux	â›°ï¸ğŸª¨	15	3000	(-2Â°C,-10Â°C,0Â°C,5Â°C)	(80mm,60mm,100mm,90mm)	2	0	TRUE	FALSE	TRUE	2(10%),3(20%),7(30%),4(10%),5(10%),6(10%),8(10%)	Zone la plus haute, souvent enneigÃ©e ou stÃ©rile, Ã  lâ€™accÃ¨s difficile. Peut contenir des minerais rares et offre des panoramas spectaculaires
142	1ï¸âƒ£4ï¸âƒ£ Montagne â›°ï¸	2ï¸âƒ£Flanc de montagneğŸ”ï¸	2ï¸âƒ£	14	2	Flanc de montagne	ğŸ”ï¸	15	2200	(3Â°C,-5Â°C,5Â°C,13Â°C)	(70mm,50mm,90mm,80mm)	3	5	TRUE	FALSE	TRUE	1(15%),3(15%),4(10%),5(10%),6(20%),7(10%),8(20%)	Pentes abruptes recouvertes de roches et de vÃ©gÃ©tation alpine, pouvant abriter grottes et sources dâ€™eau
143	1ï¸âƒ£4ï¸âƒ£ Montagne â›°ï¸	3ï¸âƒ£Col de montagneğŸŒ„	3ï¸âƒ£	14	3	Col de montagne	ğŸŒ„	15	1800	(2Â°C,-7Â°C,4Â°C,12Â°C)	(60mm,45mm,80mm,75mm)	3	8	TRUE	TRUE	TRUE	2(15%),4(15%),5(10%),6(20%),1(20%),7(10%),8(10%)	Passage entre deux sommets, plus praticable et utilisÃ© par la faune et les voyageurs pour contourner les altitudes extrÃªmes
144	1ï¸âƒ£4ï¸âƒ£ Montagne â›°ï¸	4ï¸âƒ£ForÃªt alpineğŸŒ²	4ï¸âƒ£	14	4	ForÃªt alpine	ğŸŒ²	10	1500	(5Â°C,-3Â°C,8Â°C,15Â°C)	(90mm,60mm,100mm,85mm)	3	10	TRUE	FALSE	TRUE	2(10%),3(15%),5(20%),6(10%),8(15%),1(10%),7(20%)	ConifÃ¨res adaptÃ©s au froid et aux conditions difficiles, formant la transition entre la plaine et les zones rocheuses plus Ã©levÃ©es
145	1ï¸âƒ£4ï¸âƒ£ Montagne â›°ï¸	5ï¸âƒ£Plaine dâ€™altitudeğŸŒ¿	5ï¸âƒ£	14	5	Plaine dâ€™altitude	ğŸŒ¿	15	1200	(7Â°C,-2Â°C,10Â°C,18Â°C)	(70mm,50mm,80mm,70mm)	4	15	TRUE	TRUE	TRUE	3(10%),4(20%),6(20%),2(10%),8(10%),1(10%),7(20%)	Plateau herbeux Ã  moyenne altitude, pouvant servir au pÃ¢turage dâ€™animaux adaptÃ©s, plus hospitalier que les zones plus Ã©levÃ©es
146	1ï¸âƒ£4ï¸âƒ£ Montagne â›°ï¸	6ï¸âƒ£VallÃ©e encaissÃ©eğŸŒŠğŸï¸	6ï¸âƒ£	14	6	VallÃ©e encaissÃ©e	ğŸŒŠğŸï¸	15	800	(9Â°C,0Â°C,12Â°C,20Â°C)	(100mm,70mm,110mm,90mm)	4	12	TRUE	TRUE	TRUE	3(20%),4(10%),5(20%),8(15%),2(15%),1(5%),7(15%)	Creux entre les montagnes, souvent traversÃ© par une riviÃ¨re, plus fertile et propice Ã  la vie que les hauteurs
147	1ï¸âƒ£4ï¸âƒ£ Montagne â›°ï¸	7ï¸âƒ£Glacierâ„ï¸ğŸ”ï¸	7ï¸âƒ£	14	7	Glacier	â„ï¸ğŸ”ï¸	10	2800	(-5Â°C,-15Â°C,-2Â°C,3Â°C)	(50mm,30mm,60mm,55mm)	1	0	FALSE	FALSE	TRUE	1(30%),2(10%),3(10%),5(10%),6(15%),8(10%),4(15%)	Masse de glace permanente, pouvant alimenter les vallÃ©es en eau douce lors de la fonte saisonniÃ¨re, mais quasi infranchissable sans Ã©quipement
148	1ï¸âƒ£4ï¸âƒ£ Montagne â›°ï¸	8ï¸âƒ£RiviÃ¨re de montagneğŸ’§ğŸ”ï¸	8ï¸âƒ£	14	8	RiviÃ¨re de montagne	ğŸ’§ğŸ”ï¸	5	1000	(6Â°C,-1Â°C,9Â°C,16Â°C)	(110mm,65mm,120mm,95mm)	3	5	TRUE	FALSE	FALSE	2(20%),3(10%),4(15%),5(10%),6(15%),1(10%),7(20%)	Cours dâ€™eau rapide issu des sommets, creusant parfois des gorges et utile comme source dâ€™Ã©nergie hydraulique et dâ€™irrigation
151	1ï¸âƒ£5ï¸âƒ£ Volcanique ğŸŒ‹	1ï¸âƒ£CratÃ¨re volcaniqueğŸŒ‹	1ï¸âƒ£	15	1	CratÃ¨re volcanique	ğŸŒ‹	15	2200	(18Â°C,5Â°C,20Â°C,27Â°C)	(60mm,30mm,70mm,50mm)	2	0	TRUE	FALSE	TRUE	2(15%),3(10%),4(15%),5(10%),6(15%),7(20%),8(15%)	Sommet du volcan parfois actif ou Ã©teint, pouvant contenir un lac de lave ou des fumerolles
152	1ï¸âƒ£5ï¸âƒ£ Volcanique ğŸŒ‹	2ï¸âƒ£CoulÃ©e de lave refroidieğŸª¨ğŸ”¥	2ï¸âƒ£	15	2	CoulÃ©e de lave refroidie	ğŸª¨ğŸ”¥	15	1800	(17Â°C,4Â°C,19Â°C,26Â°C)	(55mm,25mm,65mm,45mm)	2	5	TRUE	TRUE	TRUE	1(15%),3(10%),4(10%),5(15%),6(15%),7(15%),8(20%)	Ã‰tendue de basalte noir issue dâ€™anciennes Ã©ruptions, difficilement praticable mais recelant des minÃ©raux rares
153	1ï¸âƒ£5ï¸âƒ£ Volcanique ğŸŒ‹	3ï¸âƒ£Champ de cendresğŸŒ«ï¸	3ï¸âƒ£	15	3	Champ de cendres	ğŸŒ«ï¸	10	1500	(16Â°C,3Â°C,18Â°C,25Â°C)	(50mm,20mm,60mm,40mm)	3	8	TRUE	TRUE	TRUE	1(10%),2(10%),4(20%),5(15%),6(15%),7(15%),8(15%)	Zone recouverte de cendres volcaniques, peu fertile mais propice Ã  lâ€™installation de plantes pionniÃ¨res
154	1ï¸âƒ£5ï¸âƒ£ Volcanique ğŸŒ‹	4ï¸âƒ£Source chaudeğŸ’¦â™¨ï¸	4ï¸âƒ£	15	4	Source chaude	ğŸ’¦â™¨ï¸	10	1300	(18Â°C,6Â°C,21Â°C,28Â°C)	(70mm,35mm,80mm,55mm)	3	5	TRUE	FALSE	TRUE	1(15%),2(10%),3(10%),5(10%),6(15%),7(15%),8(25%)	Point dâ€™eau souterrain chauffÃ© par lâ€™activitÃ© gÃ©othermique, exploitable comme source de chaleur ou dâ€™Ã©nergie
155	1ï¸âƒ£5ï¸âƒ£ Volcanique ğŸŒ‹	5ï¸âƒ£Fumerolles et geysersğŸŒ«ï¸â™¨ï¸	5ï¸âƒ£	15	5	Fumerolles et geysers	ğŸŒ«ï¸â™¨ï¸	10	1700	(17Â°C,5Â°C,20Â°C,27Â°C)	(75mm,40mm,85mm,60mm)	2	0	TRUE	FALSE	TRUE	1(10%),2(15%),3(15%),4(10%),6(15%),7(15%),8(20%)	Zones oÃ¹ gaz volcaniques et vapeur sâ€™Ã©chappent du sol, spectacles naturels mais difficiles Ã  habiter
156	1ï¸âƒ£5ï¸âƒ£ Volcanique ğŸŒ‹	6ï¸âƒ£Faille tectoniqueğŸ”ï¸ğŸª¨	6ï¸âƒ£	15	6	Faille tectonique	ğŸ”ï¸ğŸª¨	10	1600	(16Â°C,3Â°C,19Â°C,26Â°C)	(60mm,30mm,70mm,50mm)	2	0	TRUE	FALSE	TRUE	1(15%),2(15%),3(15%),4(10%),5(10%),7(15%),8(20%)	Crevasses profondes dans la croÃ»te terrestre, pouvant provoquer Ã©ruptions ou sÃ©ismes
157	1ï¸âƒ£5ï¸âƒ£ Volcanique ğŸŒ‹	7ï¸âƒ£Plaine basaltiqueğŸŒ‘	7ï¸âƒ£	15	7	Plaine basaltique	ğŸŒ‘	15	1400	(18Â°C,6Â°C,20Â°C,28Â°C)	(65mm,35mm,75mm,55mm)	4	10	TRUE	TRUE	TRUE	1(20%),2(15%),3(15%),4(10%),5(10%),6(10%),8(20%)	Ã‰tendue de roche volcanique solidifiÃ©e, stable mais peu fertile, pouvant abriter une vÃ©gÃ©tation rare
158	1ï¸âƒ£5ï¸âƒ£ Volcanique ğŸŒ‹	8ï¸âƒ£Flanc de volcanâ›°ï¸ğŸ”¥	8ï¸âƒ£	15	8	Flanc de volcan	â›°ï¸ğŸ”¥	15	2000	(17Â°C,4Â°C,19Â°C,26Â°C)	(60mm,25mm,70mm,50mm)	3	5	TRUE	FALSE	TRUE	1(20%),2(15%),3(15%),4(15%),5(10%),6(10%),7(15%)	Pentes abruptes du volcan sujettes aux Ã©boulements, reliant le sommet aux plaines ou Ã  dâ€™autres biomes montagneux